Filename,konsentrasi logam (pppm),Rasio volume logam : pigmen (mL),temperatur,watu reaksi (menit),backgroud type,Light Type,Jarak (cm),device,ISO,Aperture f/number,Shutter speed,notes,mean_R,mean_G,mean_B
0fe1_h.jpg,0,6 ; 3,25°C,5,hitam,layar smartphone redmi 5A brightness 0%,15,Samsung A32 16 MP,1250,"F1,8",1/20 s,,210.2944444,187.0833333,202.4666667
0.1fe_h.jpg,"0,1",6 : 3,25°C,5,hitam,layar smartphone redmi 5A brightness 0%,15,Samsung A32 16 MP,1250,"F1,8",1/20 s,,209.5666667,186.6777778,200.5333333
0.2fe_h.jpg,"0,2",6 : 3,25°C,5,hitam,layar smartphone redmi 5A brightness 0%,15,Samsung A32 16 MP,1250,"F1,8",1/20 s,,211.6055556,186.7,202.8944444
0.3fe_h.jpg,"0,3",6 : 3,25°C,5,hitam,layar smartphone redmi 5A brightness 0%,15,Samsung A32 16 MP,1250,"F1,8",1/20 s,,210.2,186.5944444,202.1611111
0.4fe_h.jpg,"0,4",6 ; 3,25°C,5,hitam,layar smartphone redmi 5A brightness 0%,15,Samsung A32 16 MP,1250,"F1,8",1/20 s,,210.7277778,186.2888889,202.3555556
0.5fe_h.jpg,"0,5",6 : 3,25°C,5,hitam,layar smartphone redmi 5A brightness 0%,15,Samsung A32 16 MP,1250,"F1,8",1/20 s,,211.5222222,188.3944444,203.0833333
0.6fe_h.jpg,"0,6",6 : 3,25°C,5,hitam,layar smartphone redmi 5A brightness 0%,15,Samsung A32 16 MP,1250,"F1,8",1/20 s,,211.4944444,186.6444444,202.8833333
0.7fe_h.jpg,"0,7",6 : 3,25°C,5,hitam,layar smartphone redmi 5A brightness 0%,15,Samsung A32 16 MP,1250,"F1,8",1/20 s,,212.2388889,187.0166667,202.3555556
0.8fe_h.jpg,"0,8",6 ; 3,25°C,5,hitam,layar smartphone redmi 5A brightness 0%,15,Samsung A32 16 MP,1250,"F1,8",1/20 s,,211.3,186.7611111,201.65
0.9fe_h.jpg,"0,9",6 : 3,25°C,5,hitam,layar smartphone redmi 5A brightness 0%,15,Samsung A32 16 MP,1250,"F1,8",1/20 s,,209.7388889,185.8611111,201.3166667
0fe1_p.jpg,0,6 : 3,25°C,5,putih,layar smartphone redmi 5A brightness 0%,15,Samsung A32 16 MP,1250,"F1,8",1/25 s,,200.3166667,176.6388889,190.25
0.1fe_p.jpg,"0,1",6 : 3,25°C,5,putih,layar smartphone redmi 5A brightness 0%,15,Samsung A32 16 MP,1250,"F1,8",1/25 s,,200.9222222,175.6444444,189.2944444
0.2fe_p.jpg,"0,2",6 : 3,25°C,5,putih,layar smartphone redmi 5A brightness 0%,15,Samsung A32 16 MP,1250,"F1,8",1/25 s,,197.3833333,172.5333333,186.5777778
0.3fe_p.jpg,"0,3",6 : 3,25°C,5,putih,layar smartphone redmi 5A brightness 0%,15,Samsung A32 16 MP,1250,"F1,8",1/25 s,,201.0055556,176.2888889,190.5111111
0.4fe_p.jpg,"0,4",6 : 3,25°C,5,putih,layar smartphone redmi 5A brightness 0%,15,Samsung A32 16 MP,1250,"F1,8",1/25 s,,198.9611111,174.2166667,188.2277778
0.5fe_p.jpg,"0,5",6 : 3,25°C,5,putih,layar smartphone redmi 5A brightness 0%,15,Samsung A32 16 MP,1250,"F1,8",1/25 s,,198.8166667,174.45,187.9888889
0.6fe_p.jpg,"0,6",6 : 3,25°C,5,putih,layar smartphone redmi 5A brightness 0%,15,Samsung A32 16 MP,1250,"F1,8",1/25 s,,203.4388889,176.8555556,191.7
0.7fe_p.jpg,"0,7",6 : 3,25°C,5,putih,layar smartphone redmi 5A brightness 0%,15,Samsung A32 16 MP,1250,"F1,8",1/25 s,,205.6111111,178.8833333,193.2722222
0.8fe_p.jpg,"0,8",6 : 3,25°C,5,putih,layar smartphone redmi 5A brightness 0%,15,Samsung A32 16 MP,1250,"F1,8",1/25 s,,202.2111111,176.7944444,191.0055556
0.9fe_p.jpg,"0,9",6 : 3,25°C,5,putih,layar smartphone redmi 5A brightness 0%,15,Samsung A32 16 MP,1250,"F1,8",1/25 s,,204.0388889,177.7222222,192.0666667
0fe10_h.jpg,0,6 ; 3,25°C,5,hitam,layar smartphone redmi 5A brightness 0%,15,Samsung A32 16 MP,1250,"F1,8",1/20 s,,210.4333333,187.4055556,202.7333333
1fe_h.jpg,1,6 : 3,25°C,5,hitam,layar smartphone redmi 5A brightness 0%,15,Samsung A32 16 MP,1250,"F1,8",1/20 s,,212.5777778,189.5222222,204.1666667
2fe_h.jpg,2,6 : 3,25°C,5,hitam,layar smartphone redmi 5A brightness 0%,15,Samsung A32 16 MP,1250,"F1,8",1/25 s,,206.9111111,181.7555556,197.5
3fe_h.jpg,3,6 : 3,25°C,5,hitam,layar smartphone redmi 5A brightness 0%,15,Samsung A32 16 MP,1250,"F1,8",1/20 s,,209.9388889,186.2888889,200.4944444
4fe_h.jpg,4,6 ; 3,25°C,5,hitam,layar smartphone redmi 5A brightness 0%,15,Samsung A32 16 MP,1250,"F1,8",1/20 s,,205.5,182.9444444,195.8333333
5fe_h.jpg,5,6 : 3,25°C,5,hitam,layar smartphone redmi 5A brightness 0%,15,Samsung A32 16 MP,1250,"F1,8",1/20 s,,212.1,189.9833333,202.4722222
6fe_h.jpg,6,6 : 3,25°C,5,hitam,layar smartphone redmi 5A brightness 0%,15,Samsung A32 16 MP,1250,"F1,8",1/20 s,,211.7722222,190.3444444,200.8277778
7fe_h.jpg,7,6 : 3,25°C,5,hitam,layar smartphone redmi 5A brightness 0%,15,Samsung A32 16 MP,1250,"F1,8",1/25 s,,205.55,184.1444444,196.3722222
8fe_h.jpg,8,6 ; 3,25°C,5,hitam,layar smartphone redmi 5A brightness 0%,15,Samsung A32 16 MP,1250,"F1,8",1/20 s,,205.2777778,182.85,193.7333333
9fe_h.jpg,9,6 : 3,25°C,5,hitam,layar smartphone redmi 5A brightness 0%,15,Samsung A32 16 MP,1250,"F1,8",1/20 s,,210.2277778,187.3944444,199.5333333
10fe_h.jpg,10,6 : 3,25°C,5,hitam,layar smartphone redmi 5A brightness 0%,15,Samsung A32 16 MP,1250,"F1,8",1/20 s,,210.6111111,189.1611111,200.0555556
0fe10_p.jpg,0,6 : 3,25°C,5,putih,layar smartphone redmi 5A brightness 0%,15,Samsung A32 16 MP,1250,"F1,8",1/25 s,,204.1444444,180.9444444,196.2277778
1fe_p.jpg,1,6 ; 3,25°C,5,putih,layar smartphone redmi 5A brightness 0%,15,Samsung A32 16 MP,1250,"F1,8",1/25 s,,202.8888889,179.5333333,194.9222222
2fe_p.jpg,2,6 : 3,25°C,5,putih,layar smartphone redmi 5A brightness 0%,15,Samsung A32 16 MP,1250,"F1,8",1/25 s,,202.4111111,178.35,193.2388889
3fe_p.jpg,3,6 : 3,25°C,5,putih,layar smartphone redmi 5A brightness 0%,15,Samsung A32 16 MP,1250,"F1,8",1/25 s,,203.2666667,179.9888889,194
4fe_p.jpg,4,6 : 3,25°C,5,putih,layar smartphone redmi 5A brightness 0%,15,Samsung A32 16 MP,1250,"F1,8",1/25 s,,201.1666667,178.9333333,191.8
5fe_p.jpg,5,6 ; 3,25°C,5,putih,layar smartphone redmi 5A brightness 0%,15,Samsung A32 16 MP,1250,"F1,8",1/25 s,,197.0555556,174.6666667,187.0833333
6fe_p.jpg,6,6 : 3,25°C,5,putih,layar smartphone redmi 5A brightness 0%,15,Samsung A32 16 MP,1250,"F1,8",1/25 s,,203.2333333,182.1055556,193.2611111
7fe_p.jpg,7,6 : 3,25°C,5,putih,layar smartphone redmi 5A brightness 0%,15,Samsung A32 16 MP,1250,"F1,8",1/25 s,,201.6444444,180.6166667,191.8388889
8fe_p.jpg,8,6 : 3,25°C,5,putih,layar smartphone redmi 5A brightness 0%,15,Samsung A32 16 MP,1250,"F1,8",1/25 s,,201.5888889,180.3833333,191.8888889
9fe_p.jpg,9,6 ; 3,25°C,5,putih,layar smartphone redmi 5A brightness 0%,15,Samsung A32 16 MP,1250,"F1,8",1/25 s,,199.4888889,177.4555556,187.9611111
10fe_p.jpg,10,6 : 3,25°C,5,putih,layar smartphone redmi 5A brightness 0%,15,Samsung A32 16 MP,1250,"F1,8",1/25 s,,204.3388889,182.4833333,192.6722222
10fe100_h.jpg,10,6 : 3,25°C,5,hitam,layar smartphone redmi 5A brightness 0%,15,Samsung A32 16 MP,1250,"F1,8",1/25 s,,202.7444444,179.7222222,193.0666667
10fe_h50.jpg,10,6 : 3,25°C,50,hitam,layar smartphone redmi 5A brightness 0%,15,Samsung A32 16 MP,1250,"F1,8",1/20 s,,206.3555556,189.3944444,199.2
10fe100_p.jpg,10,6 : 3,25°C,5,putih,layar smartphone redmi 5A brightness 0%,15,Samsung A32 16 MP,1250,"F1,8",1/25 s,,195.2666667,173.3555556,185.5444444
20fe_h.jpg,20,6 : 3,25°C,5,hitam,layar smartphone redmi 5A brightness 0%,15,Samsung A32 16 MP,1250,"F1,8",1/25 s,,202.2166667,177.5444444,188.6555556
20fe_h50.jpg,20,6 : 3,25°C,50,hitam,layar smartphone redmi 5A brightness 0%,15,Samsung A32 16 MP,1250,"F1,8",1/25 s,,198.3555556,181.7,188.2555556
20fe_p.jpg,20,6 ; 3,25°C,5,putih,layar smartphone redmi 5A brightness 0%,15,Samsung A32 16 MP,1250,"F1,8",1/25 s,,198.7222222,175.4111111,185.9833333
30fe_h.jpg,30,6 : 3,25°C,5,hitam,layar smartphone redmi 5A brightness 0%,15,Samsung A32 16 MP,1250,"F1,8",1/20 s,,194.2555556,173.1944444,180.3888889
30fe_h50.jpg,30,6 : 3,25°C,50,hitam,layar smartphone redmi 5A brightness 0%,15,Samsung A32 16 MP,1250,"F1,8",1/25 s,,196.3055556,180.6722222,181.7333333
30fe_p.jpg,30,6 : 3,25°C,5,putih,layar smartphone redmi 5A brightness 0%,15,Samsung A32 16 MP,1250,"F1,8",1/25 s,,197.0111111,172.9666667,179.4111111
40fe_h.jpg,40,6 ; 3,25°C,5,hitam,layar smartphone redmi 5A brightness 0%,15,Samsung A32 16 MP,1250,"F1,8",1/20 s,,200.8611111,178.5944444,185.3166667
40fe_h50.jpg,40,6 : 3,25°C,50,hitam,layar smartphone redmi 5A brightness 0%,15,Samsung A32 16 MP,1250,"F1,8",1/25 s,,195.9611111,176.3833333,178.9777778
40fe_p.jpg,40,6 : 3,25°C,5,putih,layar smartphone redmi 5A brightness 0%,15,Samsung A32 16 MP,1250,"F1,8",1/25 s,,195.5277778,170.2944444,175.9944444
50fe_h.jpg,50,6 : 3,25°C,5,hitam,layar smartphone redmi 5A brightness 0%,15,Samsung A32 16 MP,1250,"F1,8",1/20 s,,196.0722222,176.4555556,179.0388889
50fe_h50.jpg,50,6 ; 3,25°C,50,hitam,layar smartphone redmi 5A brightness 0%,15,Samsung A32 16 MP,1250,"F1,8",1/20 s,,196.7166667,187.3222222,182.3166667
50fe_p.jpg,50,6 : 3,25°C,5,putih,layar smartphone redmi 5A brightness 0%,15,Samsung A32 16 MP,1250,"F1,8",1/25 s,,193.9333333,170.7333333,172.7388889
60fe_h.jpg,60,6 : 3,25°C,5,hitam,layar smartphone redmi 5A brightness 0%,15,Samsung A32 16 MP,1250,"F1,8",1/25 s,,190.2055556,166.6555556,169.3888889
60fe_h50.jpg,60,6 : 3,25°C,50,hitam,layar smartphone redmi 5A brightness 0%,15,Samsung A32 16 MP,1250,"F1,8",1/20 s,,198.1388889,181.4444444,179.5611111
60fe_p.jpg,60,6 ; 3,25°C,5,putih,layar smartphone redmi 5A brightness 0%,15,Samsung A32 16 MP,1250,"F1,8",1/25 s,,190.5944444,167.6277778,169.0444444
70fe_h.jpg,70,6 : 3,25°C,5,hitam,layar smartphone redmi 5A brightness 0%,15,Samsung A32 16 MP,1250,"F1,8",1/20 s,,194.8055556,173.4,173.55
70fe_h50.jpg,70,6 : 3,25°C,50,hitam,layar smartphone redmi 5A brightness 0%,15,Samsung A32 16 MP,1250,"F1,8",1/20 s,,195.55,179.1111111,175.9555556
70fe_p.jpg,70,6 : 3,25°C,5,putih,layar smartphone redmi 5A brightness 0%,15,Samsung A32 16 MP,1250,"F1,8",1/25 s,,184.8111111,160.6277778,159.5611111
80fe_h.jpg,80,6 ; 3,25°C,5,hitam,layar smartphone redmi 5A brightness 0%,15,Samsung A32 16 MP,1250,"F1,8",1/20 s,,190.2722222,171.0722222,165.0666667
80fe_h50.jpg,80,6 : 3,25°C,50,hitam,layar smartphone redmi 5A brightness 0%,15,Samsung A32 16 MP,1250,"F1,8",1/25 s,,185.6055556,176.5944444,161.9833333
80fe_p.jpg,80,6 : 3,25°C,5,putih,layar smartphone redmi 5A brightness 0%,15,Samsung A32 16 MP,1250,"F1,8",1/25 s,,185.5111111,162.85,155.8277778
90fe_h.jpg,90,6 : 3,25°C,5,hitam,layar smartphone redmi 5A brightness 0%,15,Samsung A32 16 MP,1250,"F1,8",1/20 s,,188.9111111,171.7333333,161.9888889
90fe_h50.jpg,90,6 ; 3,25°C,50,hitam,layar smartphone redmi 5A brightness 0%,15,Samsung A32 16 MP,1250,"F1,8",1/25 s,,184.8055556,175.7277778,156.9833333
90fe_p.jpg,90,6 : 3,25°C,5,putih,layar smartphone redmi 5A brightness 0%,15,Samsung A32 16 MP,1250,"F1,8",1/25 s,,184.4444444,164.1888889,153.0944444
100fe_h.jpg,100,6 : 3,25°C,5,hitam,layar smartphone redmi 5A brightness 0%,15,Samsung A32 16 MP,1250,"F1,8",1/20 s,,188.3388889,173.9111111,159.4444444
100fe_h50.jpg,100,6 : 3,25°C,50,hitam,layar smartphone redmi 5A brightness 0%,15,Samsung A32 16 MP,1250,"F1,8",1/25 s,,183.0111111,172.4944444,152.6111111
100fe_p.jpg,100,7 : 3,25°C,5,putih,layar smartphone redmi 5A brightness 0%,15,Samsung A32 16 MP,1250,"F1,8",1/25 s,,184.3444444,164.4611111,150.8888889
0fe100_h.jpg,0,6 ; 3,25°C,5,hitam,layar smartphone redmi 5A brightness 0%,15,Samsung A32 16 MP,1250,"F1,8",1/25 s,,189.0333333,166.3777778,180.8166667
0fe100_p.jpg,0,6 : 3,25°C,5,putih,layar smartphone redmi 5A brightness 0%,15,Samsung A32 16 MP,1250,"F1,8",1/25 s,,205.2,182.2111111,197.0722222