link ,Filename,konsentrasi (pppm),Rasio volume logam : pigmen (mL),temperatur,watu reaksi (menit),Background,Light type,Jarak (cm),device,ISO,Aperture f/number,Shutter speed,notes,mean_R,mean_G,mean_B
"0,1cu_H.jpg","0,1cu_H.jpg",0.1,6 : 3,25°C,5,hitam,layar smartphone redmi 5A brightness 0%,15,Samsung A32 16 MP,1250,"F1,8",1/20 s,,206.42222222222222,185.52777777777777,198.82777777777778
"0,1cu_P.jpg","0,1cu_P.jpg",0.1,6 : 3,25°C,5,putih,layar smartphone redmi 5A brightness 0%,15,Samsung A32 16 MP,1250,"F1,8",1/25 s,,197.55555555555554,175.47222222222223,188.51111111111112
"0,2cu_H.jpg","0,2cu_H.jpg",0.2,6 : 3,25°C,5,hitam,layar smartphone redmi 5A brightness 0%,15,Samsung A32 16 MP,1250,"F1,8",1/25 s,,199.0,179.2277777777778,192.05
"0,2cu_P.jpg","0,2cu_P.jpg",0.2,6 : 3,25°C,5,putih,layar smartphone redmi 5A brightness 0%,15,Samsung A32 16 MP,1250,"F1,8",1/25 s,,183.09444444444443,163.91666666666666,174.92222222222222
"0,3cu_H.jpg","0,3cu_H.jpg",0.3,6 : 3,25°C,5,hitam,layar smartphone redmi 5A brightness 0%,15,Samsung A32 16 MP,1250,"F1,8",1/25 s,,203.40555555555557,182.4,194.8388888888889
"0,3cu_P.jpg","0,3cu_P.jpg",0.3,6 : 3,25°C,5,putih,layar smartphone redmi 5A brightness 0%,15,Samsung A32 16 MP,1250,"F1,8",1/25 s,,179.83333333333334,162.1,172.62777777777777
"0,4cu_H.jpg","0,4cu_H.jpg",0.4,6 : 3,25°C,5,hitam,layar smartphone redmi 5A brightness 0%,15,Samsung A32 16 MP,1250,"F1,8",1/20 s,,208.55555555555554,191.9111111111111,201.53333333333333
"0,4cu_P.jpg","0,4cu_P.jpg",0.4,6 : 3,25°C,5,putih,layar smartphone redmi 5A brightness 0%,15,Samsung A32 16 MP,1250,"F1,8",1/25 s,,196.79444444444445,178.02777777777777,187.43333333333334
"0,5cu_H.jpg","0,5cu_H.jpg",0.5,6 : 3,25°C,5,hitam,layar smartphone redmi 5A brightness 0%,15,Samsung A32 16 MP,1250,"F1,8",1/20 s,,206.77777777777777,190.25555555555556,198.7277777777778
"0,5cu_P.jpg","0,5cu_P.jpg",0.5,6 : 3,25°C,5,putih,layar smartphone redmi 5A brightness 0%,15,Samsung A32 16 MP,1250,"F1,8",1/25 s,,185.60555555555555,169.00555555555556,176.87777777777777
"0,6cu_H.jpg","0,6cu_H.jpg",0.6,6 : 3,25°C,5,hitam,layar smartphone redmi 5A brightness 0%,15,Samsung A32 16 MP,1250,"F1,8",1/25 s,,197.37777777777777,181.24444444444444,190.52777777777777
"0,6cu_P.jpg","0,6cu_P.jpg",0.6,6 : 3,25°C,5,putih,layar smartphone redmi 5A brightness 0%,15,Samsung A32 16 MP,1250,"F1,8",1/25 s,,201.9611111111111,184.86666666666667,192.2722222222222
"0,7cu_H.jpg","0,7cu_H.jpg",0.7,6 : 3,25°C,5,hitam,layar smartphone redmi 5A brightness 0%,15,Samsung A32 16 MP,1250,"F1,8",1/20 s,,203.2888888888889,187.93333333333334,194.7111111111111
"0,7cu_P.jpg","0,7cu_P.jpg",0.7,6 : 3,25°C,5,putih,layar smartphone redmi 5A brightness 0%,15,Samsung A32 16 MP,1250,"F1,8",1/25 s,,201.21666666666667,183.86666666666667,190.86666666666667
"0,8cu_H.jpg","0,8cu_H.jpg",0.8,6 : 3,25°C,5,hitam,layar smartphone redmi 5A brightness 0%,15,Samsung A32 16 MP,1250,"F1,8",1/20 s,,207.7,193.23333333333332,198.9388888888889
"0,8cu_P.jpg","0,8cu_P.jpg",0.8,6 : 3,25°C,5,putih,layar smartphone redmi 5A brightness 0%,15,Samsung A32 16 MP,1250,"F1,8",1/25 s,,196.8111111111111,181.68333333333334,186.02777777777777
"0,9cu_H.jpg","0,9cu_H.jpg",0.9,6 : 3,25°C,5,hitam,layar smartphone redmi 5A brightness 0%,15,Samsung A32 16 MP,1250,"F1,8",1/20 s,,204.8111111111111,192.4611111111111,197.05
"0,9cu_P.jpg","0,9cu_P.jpg",0.9,6 : 3,25°C,5,putih,layar smartphone redmi 5A brightness 0%,15,Samsung A32 16 MP,1250,"F1,8",1/25 s,,197.88333333333333,182.30555555555554,186.56666666666666
0cu(1)_H.jpg,0cu(1)_H.jpg,0,6 : 3,25°C,5,hitam,layar smartphone redmi 5A brightness 0%,15,Samsung A32 16 MP,1250,"F1,8",1/25 s,,199.91666666666666,176.9,193.28333333333333
0cu(1)_P.jpg,0cu(1)_P.jpg,0,6 : 3,25°C,5,putih,layar smartphone redmi 5A brightness 0%,15,Samsung A32 16 MP,1250,"F1,8",1/25 s,,191.29444444444445,170.2,184.08333333333334
0cu(10)_H3P.jpg,0cu(10)_H3P.jpg,0,6 : 3,25°C,5,hitam,layar smartphone redmi 5A brightness 0%,15,Samsung A32 16 MP,1250,"F1,8",1/25 s,,206.8111111111111,183.88888888888889,199.86666666666667
0cu(10)_H4P.jpg,0cu(10)_H4P.jpg,0,6 : 4,25°C,5,hitam,layar smartphone redmi 5A brightness 0%,15,Samsung A32 16 MP,1250,"F1,8",1/25 s,,207.88333333333333,182.13333333333333,200.87777777777777
0cu(10)_P4P.jpg,0cu(10)_P4P.jpg,0,6 : 4,25°C,5,putih,layar smartphone redmi 5A brightness 0%,15,Samsung A32 16 MP,1250,"F1,8",1/25 s,,190.50555555555556,166.98888888888888,184.25
0cu(100)_H3P.jpg,0cu(100)_H3P.jpg,0,6 : 3,25°C,5,hitam,layar smartphone redmi 5A brightness 0%,15,Samsung A32 16 MP,1250,"F1,8",1/25 s,,206.17777777777778,183.4611111111111,198.90555555555557
0cu(100)_H4P.jpg,0cu(100)_H4P.jpg,0,6 : 4,25°C,5,hitam,layar smartphone redmi 5A brightness 0%,15,Samsung A32 16 MP,1250,"F1,8",1/25 s,,183.42777777777778,166.2111111111111,177.4
0cu(100)_P3P.jpg,0cu(100)_P3P.jpg,0,6 : 3,25°C,5,putih,layar smartphone redmi 5A brightness 0%,15,Samsung A32 16 MP,1250,"F1,8",1/25 s,,183.34444444444443,164.9111111111111,176.00555555555556
100cu_H3P.jpg,100cu_H3P.jpg,100,6 : 3,25°C,5,hitam,layar smartphone redmi 5A brightness 0%,15,Samsung A32 16 MP,1250,"F1,8",1/25 s,,198.56666666666666,188.4,187.63888888888889
100cu_H4P.jpg,100cu_H4P.jpg,100,6 : 4,25°C,5,hitam,layar smartphone redmi 5A brightness 0%,15,Samsung A32 16 MP,1250,"F1,8",1/25 s,,201.97222222222223,188.53333333333333,188.38888888888889
100cu_P3P.jpg,100cu_P3P.jpg,100,6 : 3,25°C,5,putih,layar smartphone redmi 5A brightness 0%,15,Samsung A32 16 MP,1250,"F1,8",1/25 s,,196.65,186.55,183.7111111111111
10cu_H3P.jpg,10cu_H3P.jpg,10,6 : 3,25°C,5,hitam,layar smartphone redmi 5A brightness 0%,15,Samsung A32 16 MP,1250,"F1,8",1/25 s,,206.66666666666666,194.66666666666666,194.67222222222222
10cu_H4P.jpg,10cu_H4P.jpg,10,6 : 4,25°C,5,hitam,layar smartphone redmi 5A brightness 0%,15,Samsung A32 16 MP,1250,"F1,8",1/20 s,,211.30555555555554,199.12777777777777,198.57222222222222
10cu_P3P.jpg,10cu_P3P.jpg,10,6 : 3,25°C,5,putih,layar smartphone redmi 5A brightness 0%,15,Samsung A32 16 MP,1250,"F1,8",1/25 s,,194.83333333333334,184.61111111111111,182.26666666666668
10cu_P4P.jpg,10cu_P4P.jpg,10,6 : 4,25°C,5,putih,layar smartphone redmi 5A brightness 0%,15,Samsung A32 16 MP,1250,"F1,8",1/25 s,,190.74444444444444,178.86111111111111,177.5388888888889
10cu(100)_H3P.jpg,10cu(100)_H3P.jpg,10,6 : 3,25°C,5,hitam,layar smartphone redmi 5A brightness 0%,15,Samsung A32 16 MP,1250,"F1,8",1/25 s,,197.9777777777778,186.7111111111111,186.32777777777778
10cu(100)_H4P.jpg,10cu(100)_H4P.jpg,10,6 : 4,25°C,5,hitam,layar smartphone redmi 5A brightness 0%,15,Samsung A32 16 MP,1250,"F1,8",1/25 s,,199.75555555555556,185.26111111111112,185.25555555555556
1cu_H3P.jpg,1cu_H3P.jpg,1,6 : 3,25°C,5,hitam,layar smartphone redmi 5A brightness 0%,15,Samsung A32 16 MP,1250,"F1,8",1/25 s,,203.95555555555555,189.2722222222222,195.7
1cu_H4P.jpg,1cu_H4P.jpg,1,6 : 4,25°C,5,hitam,layar smartphone redmi 5A brightness 0%,15,Samsung A32 16 MP,1250,"F1,8",1/20 s,,213.12222222222223,194.46666666666667,203.7111111111111
1cu_P4P.jpg,1cu_P4P.jpg,1,6 : 4,25°C,5,putih,layar smartphone redmi 5A brightness 0%,15,Samsung A32 16 MP,1250,"F1,8",1/25 s,,176.00555555555556,160.8388888888889,166.98333333333332
20cu_H3P.jpg,20cu_H3P.jpg,20,6 : 3,25°C,5,hitam,layar smartphone redmi 5A brightness 0%,15,Samsung A32 16 MP,1250,"F1,8",1/25 s,,199.5,187.74444444444444,188.13888888888889
20cu_H4P.jpg,20cu_H4P.jpg,20,6 : 4,25°C,5,hitam,layar smartphone redmi 5A brightness 0%,15,Samsung A32 16 MP,1250,"F1,8",1/20 s,,199.62222222222223,187.40555555555557,187.37777777777777
20cu_P3P.jpg,20cu_P3P.jpg,20,6 : 3,25°C,5,putih,layar smartphone redmi 5A brightness 0%,15,Samsung A32 16 MP,1250,"F1,8",1/25 s,,197.4,186.36111111111111,184.0888888888889
2cu_H3P.jpg,2cu_H3P.jpg,2,6 : 3,25°C,5,hitam,layar smartphone redmi 5A brightness 0%,15,Samsung A32 16 MP,1250,"F1,8",1/25 s,,205.13888888888889,191.9,193.86111111111111
2cu_H4P.jpg,2cu_H4P.jpg,2,6 : 4,25°C,5,hitam,layar smartphone redmi 5A brightness 0%,15,Samsung A32 16 MP,1250,"F1,8",1/25 s,,205.67222222222222,188.0,193.17222222222222
2cu_P4P.jpg,2cu_P4P.jpg,2,6 : 4,25°C,5,putih,layar smartphone redmi 5A brightness 0%,15,Samsung A32 16 MP,1250,"F1,8",1/25 s,,188.23333333333332,172.85,176.7722222222222
30cu_H3P.jpg,30cu_H3P.jpg,30,6 : 3,25°C,5,hitam,layar smartphone redmi 5A brightness 0%,15,Samsung A32 16 MP,1250,"F1,8",1/25 s,,194.2888888888889,183.2888888888889,182.15555555555557
30cu_H4P.jpg,30cu_H4P.jpg,30,6 : 4,25°C,5,hitam,layar smartphone redmi 5A brightness 0%,15,Samsung A32 16 MP,1250,"F1,8",1/20 s,,202.95,190.43333333333334,190.10555555555555
30cu_P3P.jpg,30cu_P3P.jpg,30,6 : 3,25°C,5,putih,layar smartphone redmi 5A brightness 0%,15,Samsung A32 16 MP,1250,"F1,8",1/25 s,,199.46666666666667,188.92777777777778,186.73888888888888
3cu_H3P.jpg,3cu_H3P.jpg,3,6 : 3,25°C,5,hitam,layar smartphone redmi 5A brightness 0%,15,Samsung A32 16 MP,1250,"F1,8",1/25 s,,198.9388888888889,186.95555555555555,187.0888888888889
3cu_H4P.jpg,3cu_H4P.jpg,3,6 : 4,25°C,5,hitam,layar smartphone redmi 5A brightness 0%,15,Samsung A32 16 MP,1250,"F1,8",1/25 s,,204.64444444444445,190.01111111111112,192.48888888888888
3cu_P4P.jpg,3cu_P4P.jpg,3,6 : 4,25°C,5,putih,layar smartphone redmi 5A brightness 0%,15,Samsung A32 16 MP,1250,"F1,8",1/25 s,,195.5,181.23888888888888,182.29444444444445
40cu_H3P.jpg,40cu_H3P.jpg,40,6 : 3,25°C,5,hitam,layar smartphone redmi 5A brightness 0%,15,Samsung A32 16 MP,1250,"F1,8",1/25 s,,201.68333333333334,190.85555555555555,190.62222222222223
40cu_H4P.jpg,40cu_H4P.jpg,40,6 : 4,25°C,5,hitam,layar smartphone redmi 5A brightness 0%,15,Samsung A32 16 MP,1250,"F1,8",1/20 s,,202.95555555555555,190.34444444444443,190.35555555555555
40cu_P3P.jpg,40cu_P3P.jpg,40,6 : 3,25°C,5,putih,layar smartphone redmi 5A brightness 0%,15,Samsung A32 16 MP,1250,"F1,8",1/25 s,,196.3388888888889,186.12777777777777,183.94444444444446
4cu_H3P.jpg,4cu_H3P.jpg,4,6 : 3,25°C,5,hitam,layar smartphone redmi 5A brightness 0%,15,Samsung A32 16 MP,1250,"F1,8",1/25 s,,204.77777777777777,193.6611111111111,194.02777777777777
4cu_H4P.jpg,4cu_H4P.jpg,4,6 : 4,25°C,5,hitam,layar smartphone redmi 5A brightness 0%,15,Samsung A32 16 MP,1250,"F1,8",1/25 s,,204.31666666666666,190.29444444444445,191.19444444444446
4cu_P4P.jpg,4cu_P4P.jpg,4,6 : 4,25°C,5,putih,layar smartphone redmi 5A brightness 0%,15,Samsung A32 16 MP,1250,"F1,8",1/25 s,,202.86111111111111,188.95555555555555,188.84444444444443
50cu_H3P.jpg,50cu_H3P.jpg,50,6 : 3,25°C,5,hitam,layar smartphone redmi 5A brightness 0%,15,Samsung A32 16 MP,1250,"F1,8",1/25 s,,199.23888888888888,189.0388888888889,188.17222222222222
50cu_H4P.jpg,50cu_H4P.jpg,50,6 : 4,25°C,5,hitam,layar smartphone redmi 5A brightness 0%,15,Samsung A32 16 MP,1250,"F1,8",1/25 s,,201.32222222222222,188.46666666666667,187.82777777777778
50cu_P3P.jpg,50cu_P3P.jpg,50,6 : 3,25°C,5,putih,layar smartphone redmi 5A brightness 0%,15,Samsung A32 16 MP,1250,"F1,8",1/25 s,,195.34444444444443,185.66666666666666,183.08333333333334
5cu_H3P.jpg,5cu_H3P.jpg,5,6 : 3,25°C,5,hitam,layar smartphone redmi 5A brightness 0%,15,Samsung A32 16 MP,1250,"F1,8",1/25 s,,204.47222222222223,192.6888888888889,192.5888888888889
5cu_H4P.jpg,5cu_H4P.jpg,5,6 : 4,25°C,5,hitam,layar smartphone redmi 5A brightness 0%,15,Samsung A32 16 MP,1250,"F1,8",1/25 s,,204.04444444444445,190.36111111111111,190.96666666666667
5cu_P4P.jpg,5cu_P4P.jpg,5,6 : 4,25°C,5,putih,layar smartphone redmi 5A brightness 0%,15,Samsung A32 16 MP,1250,"F1,8",1/25 s,,199.9,186.71666666666667,185.8388888888889
60cu_H3P.jpg,60cu_H3P.jpg,60,6 : 3,25°C,5,hitam,layar smartphone redmi 5A brightness 0%,15,Samsung A32 16 MP,1250,"F1,8",1/25 s,,200.7888888888889,190.23888888888888,189.11111111111111
60cu_H4P.jpg,60cu_H4P.jpg,60,6 : 4,25°C,5,hitam,layar smartphone redmi 5A brightness 0%,15,Samsung A32 16 MP,1250,"F1,8",1/25 s,,202.82777777777778,190.42222222222222,189.50555555555556
60cu_P3P.jpg,60cu_P3P.jpg,60,6 : 3,25°C,5,putih,layar smartphone redmi 5A brightness 0%,15,Samsung A32 16 MP,1250,"F1,8",1/25 s,,201.60555555555555,191.7277777777778,188.76666666666668
6cu_H3P.jpg,6cu_H3P.jpg,6,6 : 3,25°C,5,hitam,layar smartphone redmi 5A brightness 0%,15,Samsung A32 16 MP,1250,"F1,8",1/25 s,,203.62222222222223,191.7722222222222,191.63333333333333
6cu_H4P.jpg,6cu_H4P.jpg,6,6 : 4,25°C,5,hitam,layar smartphone redmi 5A brightness 0%,15,Samsung A32 16 MP,1250,"F1,8",1/25 s,,206.25555555555556,192.53333333333333,193.2277777777778
6cu_P4P.jpg,6cu_P4P.jpg,6,6 : 4,25°C,5,putih,layar smartphone redmi 5A brightness 0%,15,Samsung A32 16 MP,1250,"F1,8",1/25 s,,197.6611111111111,184.6888888888889,183.62777777777777
70cu_H3P.jpg,70cu_H3P.jpg,70,6 : 3,25°C,5,hitam,layar smartphone redmi 5A brightness 0%,15,Samsung A32 16 MP,1250,"F1,8",1/20 s,,198.65,188.9388888888889,187.87222222222223
70cu_H4P.jpg,70cu_H4P.jpg,70,6 : 4,25°C,5,hitam,layar smartphone redmi 5A brightness 0%,15,Samsung A32 16 MP,1250,"F1,8",1/20 s,,201.7277777777778,189.4777777777778,189.22222222222223
70cu_P3P.jpg,70cu_P3P.jpg,70,6 : 3,25°C,5,putih,layar smartphone redmi 5A brightness 0%,15,Samsung A32 16 MP,1250,"F1,8",1/25 s,,200.32777777777778,190.42222222222222,187.6611111111111
7cu_H3P.jpg,7cu_H3P.jpg,7,6 : 3,25°C,5,hitam,layar smartphone redmi 5A brightness 0%,15,Samsung A32 16 MP,1250,"F1,8",1/25 s,,203.75555555555556,193.05555555555554,192.5222222222222
7cu_H4P.jpg,7cu_H4P.jpg,7,6 : 4,25°C,5,hitam,layar smartphone redmi 5A brightness 0%,15,Samsung A32 16 MP,1250,"F1,8",1/20 s,,211.30555555555554,198.39444444444445,198.63888888888889
7cu_P4P.jpg,7cu_P4P.jpg,7,6 : 4,25°C,5,putih,layar smartphone redmi 5A brightness 0%,15,Samsung A32 16 MP,1250,"F1,8",1/25 s,,200.92222222222222,187.48333333333332,186.4777777777778
80cu_H3P.jpg,80cu_H3P.jpg,80,6 : 3,25°C,5,hitam,layar smartphone redmi 5A brightness 0%,15,Samsung A32 16 MP,1250,"F1,8",1/20 s,,208.8111111111111,198.99444444444444,198.06666666666666
80cu_H4P.jpg,80cu_H4P.jpg,80,6 : 4,25°C,5,hitam,layar smartphone redmi 5A brightness 0%,15,Samsung A32 16 MP,1250,"F1,8",1/20 s,,205.76111111111112,194.68333333333334,194.17777777777778
80cu_P3P.jpg,80cu_P3P.jpg,80,6 : 3,25°C,5,putih,layar smartphone redmi 5A brightness 0%,15,Samsung A32 16 MP,1250,"F1,8",1/25 s,,199.77777777777777,189.7722222222222,187.00555555555556
8cu_H3P.jpg,8cu_H3P.jpg,8,6 : 3,25°C,5,hitam,layar smartphone redmi 5A brightness 0%,15,Samsung A32 16 MP,1250,"F1,8",1/25 s,,204.34444444444443,192.28333333333333,192.11666666666667
8cu_H4P.jpg,8cu_H4P.jpg,8,6 : 4,25°C,5,hitam,layar smartphone redmi 5A brightness 0%,15,Samsung A32 16 MP,1250,"F1,8",1/20 s,,210.0222222222222,197.93333333333334,197.94444444444446
8cu_P4P.jpg,8cu_P4P.jpg,8,6 : 4,25°C,5,putih,layar smartphone redmi 5A brightness 0%,15,Samsung A32 16 MP,1250,"F1,8",1/25 s,,195.44444444444446,184.33333333333334,182.72222222222223
90cu_H3P.jpg,90cu_H3P.jpg,90,6 : 3,25°C,5,hitam,layar smartphone redmi 5A brightness 0%,15,Samsung A32 16 MP,1250,"F1,8",1/25 s,,200.9,190.81666666666666,189.8111111111111
90cu_H4P.jpg,90cu_H4P.jpg,90,6 : 4,25°C,5,hitam,layar smartphone redmi 5A brightness 0%,15,Samsung A32 16 MP,1250,"F1,8",1/25 s,,200.48888888888888,187.16666666666666,186.25555555555556
90cu_P3P.jpg,90cu_P3P.jpg,90,6 : 3,25°C,5,putih,layar smartphone redmi 5A brightness 0%,15,Samsung A32 16 MP,1250,"F1,8",1/25 s,,195.8,185.59444444444443,182.4611111111111
9cu_H3P.jpg,9cu_H3P.jpg,9,6 : 3,25°C,5,hitam,layar smartphone redmi 5A brightness 0%,15,Samsung A32 16 MP,1250,"F1,8",1/25 s,,204.07222222222222,191.88333333333333,191.8
9cu_H4P.jpg,9cu_H4P.jpg,9,6 : 4,25°C,5,hitam,layar smartphone redmi 5A brightness 0%,15,Samsung A32 16 MP,1250,"F1,8",1/25 s,,206.43333333333334,193.12222222222223,193.10555555555555
9cu_P4P.jpg,9cu_P4P.jpg,9,6 : 4,25°C,5,putih,layar smartphone redmi 5A brightness 0%,15,Samsung A32 16 MP,1250,"F1,8",1/25 s,,199.11111111111111,185.6,184.56666666666666