Filename,konsentrasi (pppm),Rasio volume logam : pigmen (mL),temperatur,watu reaksi (menit),Background,Light type,Jarak (cm),device,ISO,Aperture f/number,Shutter speed,notes,mean_R,mean_G,mean_B,R_norm,G_norm,B_norm,h,s,v,R_G_ratio,R_B_ratio,G_B_ratio
"0,1cu_H.jpg",0.1,6 : 3,25°C,5,hitam,layar smartphone redmi 5A brightness 0%,15,Samsung A32 16 MP,1250,"F1,8",1/20 s,,206.42222222222225,185.52777777777777,198.82777777777775,0.8094989106753814,0.7275599128540304,0.7797167755991284,321.8080297793141,0.10122187533641963,0.8094989106753814,1.1126216439505348,1.0381960885502448,0.9331079335002536
"0,1cu_P.jpg",0.1,6 : 3,25°C,5,putih,layar smartphone redmi 5A brightness 0%,15,Samsung A32 16 MP,1250,"F1,8",1/25 s,,197.55555555555557,175.47222222222223,188.51111111111112,0.774727668845316,0.6881263616557735,0.7392592592592593,324.57358490566037,0.11178290213723287,0.774727668845316,1.125850872165485,1.0479783040010582,0.9308322478029646
"0,2cu_H.jpg",0.2,6 : 3,25°C,5,hitam,layar smartphone redmi 5A brightness 0%,15,Samsung A32 16 MP,1250,"F1,8",1/25 s,,199.0,179.2277777777778,192.05,0.7803921568627451,0.7028540305010894,0.7531372549019608,321.0901938746839,0.09935790061418191,0.7803921568627451,1.1103189547795353,1.0361884871846472,0.9332349744573954
"0,2cu_P.jpg",0.2,6 : 3,25°C,5,putih,layar smartphone redmi 5A brightness 0%,15,Samsung A32 16 MP,1250,"F1,8",1/25 s,,183.09444444444443,163.91666666666666,174.92222222222222,0.7180174291938998,0.6428104575163398,0.6859694989106754,325.5677867902665,0.10474254331401531,0.7180174291938998,1.1169971123179299,1.0467191707930683,0.9370831427086652
"0,3cu_H.jpg",0.3,6 : 3,25°C,5,hitam,layar smartphone redmi 5A brightness 0%,15,Samsung A32 16 MP,1250,"F1,8",1/25 s,,203.4055555555556,182.4,194.8388888888889,0.7976688453159043,0.7152941176470589,0.7640740740740741,324.4697170060831,0.10326933056564624,0.7976688453159043,1.1151620309232102,1.0439679453704136,0.9361580745200179
"0,3cu_P.jpg",0.3,6 : 3,25°C,5,putih,layar smartphone redmi 5A brightness 0%,15,Samsung A32 16 MP,1250,"F1,8",1/25 s,,179.83333333333334,162.1,172.62777777777777,0.7052287581699347,0.6356862745098039,0.6769716775599128,324.37969924812035,0.09860982391102888,0.7052287581699347,1.109397484416631,1.0417404116913955,0.9390145731335042
"0,4cu_H.jpg",0.4,6 : 3,25°C,5,hitam,layar smartphone redmi 5A brightness 0%,15,Samsung A32 16 MP,1250,"F1,8",1/20 s,,208.55555555555557,191.9111111111111,201.53333333333333,0.8178649237472767,0.7525925925925926,0.790326797385621,325.3137516688918,0.07980820458177945,0.8178649237472767,1.086729961914909,1.0348439688424327,0.9522549296668351
"0,4cu_P.jpg",0.4,6 : 3,25°C,5,putih,layar smartphone redmi 5A brightness 0%,15,Samsung A32 16 MP,1250,"F1,8",1/25 s,,196.79444444444445,178.02777777777777,187.4333333333333,0.7717429193899782,0.6981481481481481,0.735032679738562,329.9289520426288,0.09536177060102201,0.7717429193899782,1.105414254985971,1.0499436780784321,0.9498191899055234
"0,5cu_H.jpg",0.5,6 : 3,25°C,5,hitam,layar smartphone redmi 5A brightness 0%,15,Samsung A32 16 MP,1250,"F1,8",1/20 s,,206.77777777777777,190.2555555555556,198.7277777777778,0.8108932461873638,0.7461002178649239,0.7793246187363835,329.2333557498319,0.07990327780763012,0.8108932461873638,1.0868422532374113,1.0405076685781391,0.9573676952747706
"0,5cu_P.jpg",0.5,6 : 3,25°C,5,putih,layar smartphone redmi 5A brightness 0%,15,Samsung A32 16 MP,1250,"F1,8",1/25 s,,185.60555555555555,169.00555555555556,176.87777777777777,0.7278649237472767,0.6627668845315904,0.6936383442265794,331.5461847389559,0.08943697805980434,0.7278649237472767,1.0982216167226622,1.0493435457980453,0.9554934301153083
"0,6cu_H.jpg",0.6,6 : 3,25°C,5,hitam,layar smartphone redmi 5A brightness 0%,15,Samsung A32 16 MP,1250,"F1,8",1/25 s,,197.37777777777777,181.24444444444444,190.52777777777777,0.7740305010893246,0.7107625272331155,0.7471677559912854,325.4752066115703,0.08173834721909472,0.7740305010893246,1.0890142166496273,1.0359527573561307,0.9512756911727767
"0,6cu_P.jpg",0.6,6 : 3,25°C,5,putih,layar smartphone redmi 5A brightness 0%,15,Samsung A32 16 MP,1250,"F1,8",1/25 s,,201.9611111111111,184.86666666666667,192.2722222222222,0.792004357298475,0.724967320261438,0.7540087145969498,334.00714982125453,0.08464225786042413,0.792004357298475,1.0924690408509308,1.0503915111944735,0.9614840020495502
"0,7cu_H.jpg",0.7,6 : 3,25°C,5,hitam,layar smartphone redmi 5A brightness 0%,15,Samsung A32 16 MP,1250,"F1,8",1/20 s,,203.2888888888889,187.9333333333333,194.7111111111111,0.7972113289760349,0.7369934640522875,0.7635729847494553,333.51664254703326,0.075535636204635,0.7972113289760349,1.0817074555188797,1.0440538636176189,0.9651905907973548
"0,7cu_P.jpg",0.7,6 : 3,25°C,5,putih,layar smartphone redmi 5A brightness 0%,15,Samsung A32 16 MP,1250,"F1,8",1/25 s,,201.21666666666667,183.86666666666667,190.86666666666667,0.7890849673202615,0.721045751633987,0.7484967320261439,335.7925072046109,0.08622546177420685,0.7890849673202615,1.0943618504657622,1.0542263304878117,0.9633251783269725
"0,8cu_H.jpg",0.8,6 : 3,25°C,5,hitam,layar smartphone redmi 5A brightness 0%,15,Samsung A32 16 MP,1250,"F1,8",1/20 s,,207.7,193.2333333333333,198.9388888888889,0.8145098039215686,0.7577777777777777,0.7801525054466232,336.3364055299537,0.06965174129353242,0.8145098039215686,1.0748663045978974,1.0440392027722902,0.9713200543204887
"0,8cu_P.jpg",0.8,6 : 3,25°C,5,putih,layar smartphone redmi 5A brightness 0%,15,Samsung A32 16 MP,1250,"F1,8",1/25 s,,196.8111111111111,181.6833333333333,186.02777777777777,0.7718082788671023,0.7124836601307188,0.7295206971677559,342.76900477414614,0.07686444983910132,0.7718082788671023,1.0832645263435279,1.0579662478592229,0.9766462542691854
"0,9cu_H.jpg",0.9,6 : 3,25°C,5,hitam,layar smartphone redmi 5A brightness 0%,15,Samsung A32 16 MP,1250,"F1,8",1/20 s,,204.8111111111111,192.4611111111111,197.05,0.8031808278867102,0.7547494553376907,0.7727450980392158,337.70580296896077,0.06029946291976337,0.8031808278867102,1.0641688020220423,1.0393865012520913,0.9767120534605381
"0,9cu_P.jpg",0.9,6 : 3,25°C,5,putih,layar smartphone redmi 5A brightness 0%,15,Samsung A32 16 MP,1250,"F1,8",1/25 s,,197.88333333333333,182.30555555555557,186.56666666666663,0.7760130718954248,0.7149237472766885,0.7316339869281044,343.5877318116977,0.07872203037704584,0.7760130718954248,1.0854487217619755,1.0606574894015144,0.9771603783012072
0cu(1)_H.jpg,0,6 : 3,25°C,5,hitam,layar smartphone redmi 5A brightness 0%,15,Samsung A32 16 MP,1250,"F1,8",1/25 s,,199.91666666666663,176.9,193.28333333333333,0.783986928104575,0.6937254901960784,0.7579738562091504,317.2918175235336,0.11513130471029583,0.783986928104575,1.1301111675328177,1.0343192151367462,0.9152366944111234
0cu(1)_P.jpg,0,6 : 3,25°C,5,putih,layar smartphone redmi 5A brightness 0%,15,Samsung A32 16 MP,1250,"F1,8",1/25 s,,191.29444444444445,170.2,184.08333333333331,0.7501742919389979,0.6674509803921568,0.7218954248366012,320.51092968132747,0.11027212267301734,0.7501742919389979,1.1239391499442146,1.0391730741798355,0.9245812534653803
0cu(10)_H3P.jpg,0,6 : 3,25°C,5,hitam,layar smartphone redmi 5A brightness 0%,15,Samsung A32 16 MP,1250,"F1,8",1/25 s,,206.8111111111111,183.88888888888889,199.86666666666667,0.8110239651416121,0.7211328976034859,0.7837908496732027,318.1774115365971,0.11083651211518819,0.8110239651416121,1.1246525618598955,1.0347453806355857,0.9200578117186344
0cu(10)_H4P.jpg,0,6 : 4,25°C,5,hitam,layar smartphone redmi 5A brightness 0%,15,Samsung A32 16 MP,1250,"F1,8",1/25 s,,207.88333333333333,182.13333333333333,200.87777777777777,0.8152287581699346,0.7142483660130718,0.787755991285403,316.32362459546925,0.12386755391645954,0.8152287581699346,1.1413799351681189,1.0348747113701686,0.9066873122627437
0cu(10)_P4P.jpg,0,6 : 4,25°C,5,putih,layar smartphone redmi 5A brightness 0%,15,Samsung A32 16 MP,1250,"F1,8",1/25 s,,190.5055555555556,166.98888888888888,184.25,0.7470806100217866,0.6548583877995643,0.7225490196078431,315.96031183557767,0.12344346913184229,0.7470806100217866,1.1408277262176798,1.0339514492353006,0.9063168954277991
0cu(100)_H3P.jpg,0,6 : 3,25°C,5,hitam,layar smartphone redmi 5A brightness 0%,15,Samsung A32 16 MP,1250,"F1,8",1/25 s,,206.17777777777775,183.4611111111111,198.9055555555556,0.8085403050108931,0.7194553376906317,0.7800217864923749,319.2076302274393,0.11017999568872597,0.8085403050108931,1.1238227840508705,1.036561176812529,0.9223528708202239
0cu(100)_H4P.jpg,0,6 : 4,25°C,5,hitam,layar smartphone redmi 5A brightness 0%,15,Samsung A32 16 MP,1250,"F1,8",1/25 s,,183.42777777777775,166.2111111111111,177.4,0.7193246187363833,0.6518082788671024,0.6956862745098039,321.0067763794772,0.09386073840748695,0.7193246187363833,1.1035831205747388,1.0339784483866927,0.9369284677236902
0cu(100)_P3P.jpg,0,6 : 3,25°C,5,putih,layar smartphone redmi 5A brightness 0%,15,Samsung A32 16 MP,1250,"F1,8",1/25 s,,183.34444444444443,164.9111111111111,176.00555555555556,0.7189978213507625,0.646710239651416,0.6902178649237473,323.8878842676311,0.10053936125083336,0.7189978213507625,1.1117773817504404,1.0416969102141522,0.9369653682442546
100cu_H3P.jpg,100,6 : 3,25°C,5,hitam,layar smartphone redmi 5A brightness 0%,15,Samsung A32 16 MP,1250,"F1,8",1/25 s,,198.56666666666663,188.4,187.63888888888889,0.7786928104575163,0.7388235294117648,0.735838779956427,4.178952719878112,0.05503329416372888,0.7786928104575163,1.0539631932733728,1.0582383363291517,1.0040562492751999
100cu_H4P.jpg,100,6 : 4,25°C,5,hitam,layar smartphone redmi 5A brightness 0%,15,Samsung A32 16 MP,1250,"F1,8",1/25 s,,201.97222222222223,188.53333333333333,188.38888888888889,0.7920479302832244,0.7393464052287582,0.7387799564270152,0.6380368098159579,0.06725347269976624,0.7920479302832244,1.0712812295841991,1.0721026189036134,1.0007667301640222
100cu_P3P.jpg,100,6 : 3,25°C,5,putih,layar smartphone redmi 5A brightness 0%,15,Samsung A32 16 MP,1250,"F1,8",1/25 s,,196.65,186.55,183.7111111111111,0.7711764705882354,0.7315686274509804,0.7204357298474945,13.164448261056293,0.06579653642964109,0.7711764705882354,1.0541409753195337,1.0704306219705604,1.0154530003997357
10cu_H3P.jpg,10,6 : 3,25°C,5,hitam,layar smartphone redmi 5A brightness 0%,15,Samsung A32 16 MP,1250,"F1,8",1/25 s,,206.66666666666663,194.66666666666663,194.67222222222225,0.8104575163398692,0.7633986928104574,0.7634204793028323,359.97222222222194,0.05806451612903233,0.8104575163398692,1.0616438301627886,1.0616135329730758,0.9999714568649618
10cu_H4P.jpg,10,6 : 4,25°C,5,hitam,layar smartphone redmi 5A brightness 0%,15,Samsung A32 16 MP,1250,"F1,8",1/20 s,,211.30555555555557,199.12777777777777,198.57222222222225,0.828649237472767,0.7808932461873638,0.7787145969498912,2.6178010471201674,0.06026028657815164,0.828649237472767,1.0611555899057556,1.0641244385881878,1.0027977455584702
10cu_P3P.jpg,10,6 : 3,25°C,5,putih,layar smartphone redmi 5A brightness 0%,15,Samsung A32 16 MP,1250,"F1,8",1/25 s,,194.83333333333331,184.61111111111111,182.26666666666668,0.7640522875816993,0.7239651416122005,0.7147712418300655,11.193633952254629,0.06449957228400323,0.7640522875816993,1.055371646404848,1.0689465925258963,1.012862710853594
10cu_P4P.jpg,10,6 : 4,25°C,5,putih,layar smartphone redmi 5A brightness 0%,15,Samsung A32 16 MP,1250,"F1,8",1/25 s,,190.74444444444444,178.86111111111111,177.5388888888889,0.7480174291938998,0.7014161220043573,0.6962309368191721,6.007572570466948,0.06923166540455523,0.7480174291938998,1.0664388820637056,1.074381193685621,1.0074475019138045
10cu(100)_H3P.jpg,10,6 : 3,25°C,5,hitam,layar smartphone redmi 5A brightness 0%,15,Samsung A32 16 MP,1250,"F1,8",1/25 s,,197.9777777777778,186.7111111111111,186.32777777777775,0.7763834422657953,0.7322004357298475,0.7306971677559911,1.9742489270388432,0.05884498821416569,0.7763834422657953,1.0603427698505803,1.0625242198260427,1.0020573010414648
10cu(100)_H4P.jpg,10,6 : 4,25°C,5,hitam,layar smartphone redmi 5A brightness 0%,15,Samsung A32 16 MP,1250,"F1,8",1/25 s,,199.7555555555556,185.26111111111112,185.2555555555556,0.7833551198257082,0.7265141612200436,0.7264923747276689,0.022988505747093768,0.07258871954611193,0.7833551198257082,1.0782379166316964,1.0782702514817775,1.0000299832062196
1cu_H3P.jpg,1,6 : 3,25°C,5,hitam,layar smartphone redmi 5A brightness 0%,15,Samsung A32 16 MP,1250,"F1,8",1/25 s,,203.95555555555555,189.2722222222222,195.7,0.7998257080610022,0.742244008714597,0.7674509803921569,333.7343927355278,0.07199280889082588,0.7998257080610022,1.0775778510093044,1.0421847445752213,0.9671549374300832
1cu_H4P.jpg,1,6 : 4,25°C,5,hitam,layar smartphone redmi 5A brightness 0%,15,Samsung A32 16 MP,1250,"F1,8",1/20 s,,213.12222222222223,194.46666666666667,203.7111111111111,0.8357734204793029,0.7626143790849673,0.7988671023965142,330.2680166765933,0.08753453938793608,0.8357734204793029,1.095931887862309,1.0461983149253928,0.9546198273199638
1cu_P4P.jpg,1,6 : 4,25°C,5,putih,layar smartphone redmi 5A brightness 0%,15,Samsung A32 16 MP,1250,"F1,8",1/25 s,,176.00555555555556,160.8388888888889,166.98333333333332,0.6902178649237473,0.6307407407407408,0.6548366013071895,335.6923076923078,0.08617152236356161,0.6902178649237473,1.0942972540854026,1.0540306687385461,0.9632032413954627
20cu_H3P.jpg,20,6 : 3,25°C,5,hitam,layar smartphone redmi 5A brightness 0%,15,Samsung A32 16 MP,1250,"F1,8",1/25 s,,199.5,187.74444444444444,188.13888888888889,0.7823529411764706,0.7362527233115468,0.7377995642701525,357.98676748582227,0.058925090504037936,0.7823529411764706,1.0626146596653063,1.0603868244243428,0.9979034348258492
20cu_H4P.jpg,20,6 : 4,25°C,5,hitam,layar smartphone redmi 5A brightness 0%,15,Samsung A32 16 MP,1250,"F1,8",1/20 s,,199.62222222222223,187.4055555555556,187.37777777777777,0.7828322440087147,0.7349237472766886,0.7348148148148148,0.13611615245031317,0.06133808304575316,0.7828322440087147,1.0651883855057684,1.0653462941246938,1.0001482394441807
20cu_P3P.jpg,20,6 : 3,25°C,5,putih,layar smartphone redmi 5A brightness 0%,15,Samsung A32 16 MP,1250,"F1,8",1/25 s,,197.4,186.36111111111111,184.0888888888889,0.7741176470588236,0.7308278867102397,0.7219172113289761,10.242070116861385,0.06743217381515247,0.7741176470588236,1.059233859273749,1.0723080579123778,1.0123430654809948
2cu_H3P.jpg,2,6 : 3,25°C,5,hitam,layar smartphone redmi 5A brightness 0%,15,Samsung A32 16 MP,1250,"F1,8",1/25 s,,205.13888888888889,191.9,193.86111111111111,0.8044662309368191,0.7525490196078432,0.760239651416122,351.1120436424674,0.06453622207176703,0.8044662309368191,1.0689884722245984,1.0581745181122966,0.9898839324207163
2cu_H4P.jpg,2,6 : 4,25°C,5,hitam,layar smartphone redmi 5A brightness 0%,15,Samsung A32 16 MP,1250,"F1,8",1/25 s,,205.67222222222225,188.0,193.17222222222225,0.8065577342047932,0.7372549019607844,0.7575381263616559,342.4394844388557,0.08592420518084339,0.8065577342047932,1.0940011762139419,1.0647090911493016,0.9732248087434796
2cu_P4P.jpg,2,6 : 4,25°C,5,putih,layar smartphone redmi 5A brightness 0%,15,Samsung A32 16 MP,1250,"F1,8",1/25 s,,188.2333333333333,172.85,176.7722222222222,0.7381699346405227,0.677843137254902,0.6932244008714596,344.7020585048754,0.08172480963343347,0.7381699346405227,1.0889981616681235,1.0648354696354256,0.9778119935885428
30cu_H3P.jpg,30,6 : 3,25°C,5,hitam,layar smartphone redmi 5A brightness 0%,15,Samsung A32 16 MP,1250,"F1,8",1/25 s,,194.2888888888889,183.2888888888889,182.1555555555556,0.761917211328976,0.7187799564270153,0.714335511982571,5.604395604395506,0.062449959967974214,0.761917211328976,1.0600145431982717,1.0666097294135124,1.0062217829352225
30cu_H4P.jpg,30,6 : 4,25°C,5,hitam,layar smartphone redmi 5A brightness 0%,15,Samsung A32 16 MP,1250,"F1,8",1/20 s,,202.95,190.4333333333333,190.10555555555555,0.7958823529411764,0.7467973856209149,0.7455119825708061,1.5311418685120088,0.06328871369521766,0.7958823529411764,1.0657272830436166,1.0675647975638778,1.001724183047127
30cu_P3P.jpg,30,6 : 3,25°C,5,putih,layar smartphone redmi 5A brightness 0%,15,Samsung A32 16 MP,1250,"F1,8",1/25 s,,199.46666666666667,188.92777777777775,186.73888888888888,0.7822222222222223,0.7408932461873637,0.7323093681917211,10.318638149279707,0.06380904634581114,0.7822222222222223,1.0557826273990394,1.068158147375466,1.0117216498940915
3cu_H3P.jpg,3,6 : 3,25°C,5,hitam,layar smartphone redmi 5A brightness 0%,15,Samsung A32 16 MP,1250,"F1,8",1/25 s,,198.9388888888889,186.95555555555555,187.0888888888889,0.7801525054466232,0.7331590413943355,0.733681917211329,359.33240611961054,0.06023625345583522,0.7801525054466232,1.0640972247849312,1.063338870667508,0.9992873209445385
3cu_H4P.jpg,3,6 : 4,25°C,5,hitam,layar smartphone redmi 5A brightness 0%,15,Samsung A32 16 MP,1250,"F1,8",1/25 s,,204.64444444444445,190.01111111111112,192.48888888888888,0.8025272331154684,0.7451416122004357,0.7548583877995643,349.84054669703875,0.07150613530242149,0.8025272331154684,1.0770130345049311,1.0631493826088985,0.9871276790093807
3cu_P4P.jpg,3,6 : 4,25°C,5,putih,layar smartphone redmi 5A brightness 0%,15,Samsung A32 16 MP,1250,"F1,8",1/25 s,,195.5,181.23888888888888,182.29444444444445,0.7666666666666667,0.7107407407407407,0.7148801742919391,355.5590183093103,0.07294685990338179,0.7666666666666667,1.0786868100982858,1.0724407950190673,0.9942096065901401
40cu_H3P.jpg,40,6 : 3,25°C,5,hitam,layar smartphone redmi 5A brightness 0%,15,Samsung A32 16 MP,1250,"F1,8",1/25 s,,201.6833333333333,190.85555555555555,190.62222222222223,0.7909150326797385,0.7484531590413943,0.7475381263616558,1.2656956303363813,0.05484395229044416,0.7909150326797385,1.0567328348893312,1.058026340917325,1.00122405630041
40cu_H4P.jpg,40,6 : 4,25°C,5,hitam,layar smartphone redmi 5A brightness 0%,15,Samsung A32 16 MP,1250,"F1,8",1/20 s,,202.95555555555555,190.34444444444443,190.35555555555555,0.7959041394335512,0.7464488017429194,0.7464923747276688,359.94713656387665,0.062137304281178155,0.7959041394335512,1.0662541535250205,1.0661919159492603,0.9999416244457888
40cu_P3P.jpg,40,6 : 3,25°C,5,putih,layar smartphone redmi 5A brightness 0%,15,Samsung A32 16 MP,1250,"F1,8",1/25 s,,196.3388888888889,186.12777777777777,183.94444444444449,0.7699564270152506,0.729912854030501,0.7213507625272333,10.56925145674552,0.06312781188987276,0.7699564270152506,1.0548607530706227,1.0673814499508105,1.0118695203220622
4cu_H3P.jpg,4,6 : 3,25°C,5,hitam,layar smartphone redmi 5A brightness 0%,15,Samsung A32 16 MP,1250,"F1,8",1/25 s,,204.77777777777777,193.6611111111111,194.02777777777777,0.8030501089324619,0.7594553376906318,0.7608932461873638,358.0209895052474,0.05428648941942488,0.8030501089324619,1.0574026739053766,1.0554044326421532,0.9981102310763109
4cu_H4P.jpg,4,6 : 4,25°C,5,hitam,layar smartphone redmi 5A brightness 0%,15,Samsung A32 16 MP,1250,"F1,8",1/25 s,,204.31666666666663,190.29444444444445,191.19444444444449,0.8012418300653593,0.7462527233115469,0.7497821350762529,356.1489698890648,0.06862985017810018,0.8012418300653593,1.0736869706810013,1.0686328579876818,0.9952927450485922
4cu_P4P.jpg,4,6 : 4,25°C,5,putih,layar smartphone redmi 5A brightness 0%,15,Samsung A32 16 MP,1250,"F1,8",1/25 s,,202.86111111111111,188.95555555555555,188.84444444444443,0.7955337690631809,0.7410021786492375,0.7405664488017428,0.4756242568371931,0.06909489250992756,0.7955337690631809,1.0735916678452753,1.0742233409814015,1.0005883684365173
50cu_H3P.jpg,50,6 : 3,25°C,5,hitam,layar smartphone redmi 5A brightness 0%,15,Samsung A32 16 MP,1250,"F1,8",1/25 s,,199.23888888888888,189.0388888888889,188.17222222222225,0.7813289760348584,0.7413289760348584,0.737930283224401,4.698795180722698,0.05554471181998143,0.7813289760348584,1.0539571460983252,1.0588113669337766,1.0046057045605672
50cu_H4P.jpg,50,6 : 4,25°C,5,hitam,layar smartphone redmi 5A brightness 0%,15,Samsung A32 16 MP,1250,"F1,8",1/25 s,,201.32222222222225,188.46666666666667,187.82777777777775,0.7894989106753814,0.7390849673202614,0.7365795206971677,2.8406751749691352,0.06702908549036941,0.7894989106753814,1.0682112901698495,1.071844769353366,1.0034014558072626
50cu_P3P.jpg,50,6 : 3,25°C,5,putih,layar smartphone redmi 5A brightness 0%,15,Samsung A32 16 MP,1250,"F1,8",1/25 s,,195.34444444444443,185.66666666666663,183.08333333333331,0.7660566448801742,0.7281045751633985,0.7179738562091502,12.641594925237825,0.06276662305898419,0.7660566448801742,1.0521244706947217,1.0669701049293092,1.0141101446657614
5cu_H3P.jpg,5,6 : 3,25°C,5,hitam,layar smartphone redmi 5A brightness 0%,15,Samsung A32 16 MP,1250,"F1,8",1/25 s,,204.47222222222223,192.6888888888889,192.5888888888889,0.8018518518518519,0.7556427015250545,0.7552505446623095,0.5049088359045868,0.058117103654394764,0.8018518518518519,1.0611521107424928,1.0617031041623908,1.0005192355595263
5cu_H4P.jpg,5,6 : 4,25°C,5,hitam,layar smartphone redmi 5A brightness 0%,15,Samsung A32 16 MP,1250,"F1,8",1/25 s,,204.04444444444445,190.36111111111111,190.96666666666667,0.8001742919389978,0.7465141612200435,0.7488888888888889,357.34470158343476,0.06706055325637117,0.8001742919389978,1.0718809224299266,1.0684819866082866,0.9968289934418684
5cu_P4P.jpg,5,6 : 4,25°C,5,putih,layar smartphone redmi 5A brightness 0%,15,Samsung A32 16 MP,1250,"F1,8",1/25 s,,199.9,186.71666666666667,185.8388888888889,0.783921568627451,0.7322222222222222,0.7287799564270153,3.7455551165546694,0.07034072591851474,0.783921568627451,1.0706060819212386,1.0756629041398067,1.0047233212504798
60cu_H3P.jpg,60,6 : 3,25°C,5,hitam,layar smartphone redmi 5A brightness 0%,15,Samsung A32 16 MP,1250,"F1,8",1/25 s,,200.7888888888889,190.23888888888888,189.11111111111111,0.7874074074074074,0.7460348583877995,0.7416122004357298,5.794481446241548,0.058159482043052456,0.7874074074074074,1.0554565841199024,1.0617508757016698,1.0059635669484888
60cu_H4P.jpg,60,6 : 4,25°C,5,hitam,layar smartphone redmi 5A brightness 0%,15,Samsung A32 16 MP,1250,"F1,8",1/25 s,,202.82777777777775,190.42222222222225,189.5055555555556,0.7954030501089324,0.7467538126361657,0.7431590413943356,4.128440366972484,0.0656824344682131,0.7954030501089324,1.065147619566852,1.0702998976091587,1.00483714400426
60cu_P3P.jpg,60,6 : 3,25°C,5,putih,layar smartphone redmi 5A brightness 0%,15,Samsung A32 16 MP,1250,"F1,8",1/25 s,,201.60555555555555,191.7277777777778,188.76666666666668,0.7906100217864924,0.7518736383442266,0.7402614379084967,13.838165296408476,0.0636832097880901,0.7906100217864924,1.0515197997950345,1.0680145920229964,1.0156866153739599
6cu_H3P.jpg,6,6 : 3,25°C,5,hitam,layar smartphone redmi 5A brightness 0%,15,Samsung A32 16 MP,1250,"F1,8",1/25 s,,203.62222222222223,191.7722222222222,191.63333333333333,0.7985185185185185,0.7520479302832244,0.7515032679738561,0.695088044485658,0.05887809669322283,0.7985185185185185,1.0617920510118322,1.0625615993720332,1.0007247585049441
6cu_H4P.jpg,6,6 : 4,25°C,5,hitam,layar smartphone redmi 5A brightness 0%,15,Samsung A32 16 MP,1250,"F1,8",1/25 s,,206.2555555555556,192.53333333333333,193.2277777777778,0.8088453159041396,0.755032679738562,0.757755991285403,356.9635627530364,0.06653019447287636,0.8088453159041396,1.071271924260476,1.0674218627372436,0.9964060786247348
6cu_P4P.jpg,6,6 : 4,25°C,5,putih,layar smartphone redmi 5A brightness 0%,15,Samsung A32 16 MP,1250,"F1,8",1/25 s,,197.6611111111111,184.6888888888889,183.62777777777777,0.7751416122004356,0.7242701525054467,0.7201089324618736,4.5368171021378885,0.07099693639506449,0.7751416122004356,1.0702382326843074,1.0764227091714493,1.0057785925319898
70cu_H3P.jpg,70,6 : 3,25°C,5,hitam,layar smartphone redmi 5A brightness 0%,15,Samsung A32 16 MP,1250,"F1,8",1/20 s,,198.65,188.9388888888889,187.87222222222223,0.7790196078431373,0.7409368191721133,0.7367538126361656,5.938144329896886,0.054255110887378735,0.7790196078431373,1.0513981537460182,1.0573675905513154,1.005677612413225
70cu_H4P.jpg,70,6 : 4,25°C,5,hitam,layar smartphone redmi 5A brightness 0%,15,Samsung A32 16 MP,1250,"F1,8",1/20 s,,201.7277777777778,189.4777777777778,189.22222222222223,0.7910893246187364,0.7430501089324619,0.7420479302832245,1.226121723678375,0.06199223375836514,0.7910893246187364,1.0646513753698104,1.0660892486231337,1.0013505525471786
70cu_P3P.jpg,70,6 : 3,25°C,5,putih,layar smartphone redmi 5A brightness 0%,15,Samsung A32 16 MP,1250,"F1,8",1/25 s,,200.32777777777775,190.42222222222225,187.6611111111111,0.7855991285403049,0.7467538126361657,0.7359259259259259,13.078947368421268,0.06322970686929746,0.7855991285403049,1.052018899831853,1.0674975519657313,1.0147132779937718
7cu_H3P.jpg,7,6 : 3,25°C,5,hitam,layar smartphone redmi 5A brightness 0%,15,Samsung A32 16 MP,1250,"F1,8",1/25 s,,203.7555555555556,193.05555555555557,192.5222222222222,0.7990413943355121,0.7570806100217865,0.7549891067538126,2.848664688427391,0.05513142109281298,0.7990413943355121,1.055424454964708,1.0583482371298356,1.0027702377647996
7cu_H4P.jpg,7,6 : 4,25°C,5,hitam,layar smartphone redmi 5A brightness 0%,15,Samsung A32 16 MP,1250,"F1,8",1/20 s,,211.30555555555557,198.39444444444445,198.63888888888889,0.828649237472767,0.7780174291938998,0.7789760348583877,358.8640275387265,0.06110161693177342,0.828649237472767,1.0650779818063332,1.0637672999167078,0.9987693978526503
7cu_P4P.jpg,7,6 : 4,25°C,5,putih,layar smartphone redmi 5A brightness 0%,15,Samsung A32 16 MP,1250,"F1,8",1/25 s,,200.92222222222225,187.4833333333333,186.4777777777778,0.787930283224401,0.7352287581699345,0.731285403050109,4.176923076922833,0.07189072609633354,0.787930283224401,1.071680439953108,1.0774593280717788,1.0053923559265139
80cu_H3P.jpg,80,6 : 3,25°C,5,hitam,layar smartphone redmi 5A brightness 0%,15,Samsung A32 16 MP,1250,"F1,8",1/20 s,,208.8111111111111,198.99444444444444,198.06666666666663,0.8188671023965142,0.7803703703703704,0.7767320261437908,5.1809720785936975,0.05145532911190347,0.8188671023965142,1.0493313551779881,1.0542466007583198,1.0046841641186148
80cu_H4P.jpg,80,6 : 4,25°C,5,hitam,layar smartphone redmi 5A brightness 0%,15,Samsung A32 16 MP,1250,"F1,8",1/20 s,,205.76111111111112,194.6833333333333,194.17777777777775,0.8069063180827887,0.7634640522875816,0.7614814814814813,2.6187050359713453,0.05629505629505651,0.8069063180827887,1.0569015155596762,1.0596532332702686,1.0026035654477958
80cu_P3P.jpg,80,6 : 3,25°C,5,putih,layar smartphone redmi 5A brightness 0%,15,Samsung A32 16 MP,1250,"F1,8",1/25 s,,199.77777777777777,189.7722222222222,187.0055555555556,0.7834422657952069,0.7442047930283224,0.7333551198257082,12.996955197911973,0.06393214682981065,0.7834422657952069,1.0527240203316748,1.0682986188083017,1.0147945639564175
8cu_H3P.jpg,8,6 : 3,25°C,5,hitam,layar smartphone redmi 5A brightness 0%,15,Samsung A32 16 MP,1250,"F1,8",1/25 s,,204.34444444444443,192.28333333333333,192.11666666666667,0.801350762527233,0.7540522875816993,0.7533986928104576,0.8178100863242435,0.05983905171007541,0.801350762527233,1.0627257175091551,1.063647662257986,1.0008675232018693
8cu_H4P.jpg,8,6 : 4,25°C,5,hitam,layar smartphone redmi 5A brightness 0%,15,Samsung A32 16 MP,1250,"F1,8",1/20 s,,210.0222222222222,197.9333333333333,197.94444444444449,0.8236165577342047,0.7762091503267973,0.776252723311547,359.94485294117607,0.05756004655592007,0.8236165577342047,1.061075553188683,1.0610159923945301,0.9999438624757253
8cu_P4P.jpg,8,6 : 4,25°C,5,putih,layar smartphone redmi 5A brightness 0%,15,Samsung A32 16 MP,1250,"F1,8",1/25 s,,195.44444444444449,184.33333333333331,182.72222222222223,0.7664488017429195,0.7228758169934639,0.7165577342047931,7.598253275108959,0.06509380329732813,0.7664488017429195,1.060277269715193,1.069626020293929,1.0088172641657918
90cu_H3P.jpg,90,6 : 3,25°C,5,hitam,layar smartphone redmi 5A brightness 0%,15,Samsung A32 16 MP,1250,"F1,8",1/25 s,,200.9,190.81666666666663,189.8111111111111,0.787843137254902,0.7483006535947712,0.7443572984749455,5.440881763527045,0.05519606216470336,0.787843137254902,1.0528430375429663,1.0584206465341066,1.0052976590483644
90cu_H4P.jpg,90,6 : 4,25°C,5,hitam,layar smartphone redmi 5A brightness 0%,15,Samsung A32 16 MP,1250,"F1,8",1/25 s,,200.48888888888888,187.16666666666663,186.2555555555556,0.7862309368191721,0.733986928104575,0.73041394335512,3.840749414519564,0.0709931279095542,0.7862309368191721,1.0711783854908845,1.0764182964339528,1.0048917204295018
90cu_P3P.jpg,90,6 : 3,25°C,5,putih,layar smartphone redmi 5A brightness 0%,15,Samsung A32 16 MP,1250,"F1,8",1/25 s,,195.8,185.59444444444443,182.4611111111111,0.767843137254902,0.7278213507625272,0.7155337690631808,14.094127446897062,0.06812507093405987,0.767843137254902,1.054988469784838,1.0731053742606045,1.0171726035048239
9cu_H3P.jpg,9,6 : 3,25°C,5,hitam,layar smartphone redmi 5A brightness 0%,15,Samsung A32 16 MP,1250,"F1,8",1/25 s,,204.07222222222225,191.88333333333333,191.8,0.8002832244008716,0.7524836601307189,0.7521568627450981,0.4074241738341584,0.06013666185718579,0.8002832244008716,1.0635223894312509,1.063984469021052,1.000434475145458
9cu_H4P.jpg,9,6 : 4,25°C,5,hitam,layar smartphone redmi 5A brightness 0%,15,Samsung A32 16 MP,1250,"F1,8",1/25 s,,206.4333333333333,193.12222222222223,193.10555555555555,0.8095424836601306,0.7573420479302833,0.757276688453159,0.07503126302634655,0.06456214005059469,0.8095424836601306,1.0689258330243756,1.069018090496756,1.0000863034029883
9cu_P4P.jpg,9,6 : 4,25°C,5,putih,layar smartphone redmi 5A brightness 0%,15,Samsung A32 16 MP,1250,"F1,8",1/25 s,,199.11111111111111,185.6,184.56666666666663,0.7808278867102396,0.7278431372549019,0.7237908496732025,4.262796027501963,0.0730468750000001,0.7808278867102396,1.0727969290857446,1.0788031968519485,1.0055986942084234